time,open,high,low,close,volume,is_complete
2024-10-01T07:00:00Z,213.81,215.54,213.37,215,216495,true
2024-10-02T07:00:00Z,215.59,217.37,214.85,216.14,117625,true
2024-10-03T07:00:00Z,216.94,217.2,214.77,214.99,84605,true
2024-10-04T07:00:00Z,215.36,217.42,212.82,213.12,448792,true
2024-10-07T07:00:00Z,212.83,215.1,211.87,213.54,367903,true
2024-10-08T07:00:00Z,213.84,215.86,213.14,214.45,799175,true
2024-10-09T07:00:00Z,215.6,219.25,213.77,217.81,155519,true
2024-10-10T07:00:00Z,217.35,217.5,213.21,213.59,158994,true
2024-10-11T07:00:00Z,214.31,214.54,210.49,211.14,484416,true
2024-10-14T07:00:00Z,209.25,219.32,207.41,217.92,235986,true
2024-10-15T07:00:00Z,216.99,217.61,215.66,216.82,118574,true
2024-10-16T07:00:00Z,217.14,219.18,216.64,217.64,83527,true
2024-10-17T07:00:00Z,217.02,222.37,215.89,222.19,139104,true
2024-10-18T07:00:00Z,221.76,224.82,221.32,222.91,123252,true
2024-10-21T07:00:00Z,223.32,224.12,221.29,221.56,243497,true
2024-10-22T07:00:00Z,221.93,222.57,214.67,215.27,202118,true
2024-10-23T07:00:00Z,215.74,215.87,213.47,213.88,96679,true
2024-10-24T07:00:00Z,213.67,218.28,212.97,216.95,112936,true
2024-10-25T07:00:00Z,217.75,217.89,215.36,215.72,176237,true
2024-10-28T07:00:00Z,215.92,220.57,215.69,219.37,546649,true
2024-10-29T07:00:00Z,218.14,219.72,216.68,219.53,114644,true
2024-10-30T07:00:00Z,221.02,222.44,220.45,222.4,88892,true
2024-10-31T07:00:00Z,221.64,222.12,217.76,218.67,217447,true
2024-11-01T07:00:00Z,217.63,222.31,216.82,220.95,281013,true
2024-11-04T07:00:00Z,221.25,223,220.93,222.18,356501,true
2024-11-05T07:00:00Z,222.07,223.06,221.77,223.05,198010,true
2024-11-06T07:00:00Z,222.16,223.27,219.73,220.85,291311,true
2024-11-07T07:00:00Z,220.76,221.32,216.8,217.1,59456,true
2024-11-08T07:00:00Z,217.68,218.62,216.85,217.14,189494,true
2024-11-11T07:00:00Z,217.33,218.99,211.54,212.68,206006,true
2024-11-12T07:00:00Z,211.48,213.12,211,213,76176,true
2024-11-13T07:00:00Z,212.41,213.74,211.68,211.99,94244,true
2024-11-14T07:00:00Z,212.59,213.04,206.64,208.11,98380,true
2024-11-15T07:00:00Z,208.39,209.54,207.67,207.88,326187,true
2024-11-18T07:00:00Z,208.33,208.65,205.44,205.89,146743,true
2024-11-19T07:00:00Z,205.54,206.84,204.92,205.4,258834,true
2024-11-20T07:00:00Z,204.69,206.25,204.27,206.22,519570,true
2024-11-21T07:00:00Z,207.74,211.1,207.37,210.64,289001,true
2024-11-22T07:00:00Z,210.72,212.03,210.13,211.04,201709,true
2024-11-25T07:00:00Z,211.49,211.97,210.82,211.14,267262,true
2024-11-26T07:00:00Z,209.86,210.82,205.73,207.42,61475,true
2024-11-27T07:00:00Z,207.47,208.03,206.55,207.39,97163,true
2024-11-28T07:00:00Z,209.23,209.92,204.01,204.73,227765,true
2024-11-29T07:00:00Z,205.35,205.36,203.9,204.83,200919,true
2024-12-02T07:00:00Z,206.21,211.99,205.22,209.86,257244,true
2024-12-03T07:00:00Z,210.25,216.77,210.15,215.8,363959,true
2024-12-04T07:00:00Z,215.69,221.22,215.55,221.22,203706,true
2024-12-05T07:00:00Z,221.65,221.93,218.81,219.05,208742,true
2024-12-06T07:00:00Z,219.04,219.25,217.01,218.19,110368,true
2024-12-09T07:00:00Z,218.37,218.55,215.04,215.91,95474,true
2024-12-10T07:00:00Z,216.32,216.9,213.5,214.51,87180,true
2024-12-11T07:00:00Z,214.28,219.89,213.28,219.48,122912,true
2024-12-12T07:00:00Z,219.14,219.25,217,217.71,181241,true
2024-12-13T07:00:00Z,218.19,219.13,217.12,218.01,148553,true
2024-12-16T07:00:00Z,219.03,220.22,218.32,219.72,114347,true
2024-12-17T07:00:00Z,219.64,222.54,218.64,221.51,373282,true
2024-12-18T07:00:00Z,221.39,225.36,221.35,224.49,127005,true
2024-12-19T07:00:00Z,224.25,229.55,222.32,228.56,205058,true
2024-12-20T07:00:00Z,228.56,232.41,228.26,232,120042,true
2024-12-23T07:00:00Z,232.21,232.5,229.03,229.48,133412,true
2024-12-24T07:00:00Z,229.98,230.05,225.62,226.84,95964,true
2024-12-25T07:00:00Z,226.81,231.73,225.57,229.46,124230,true
2024-12-26T07:00:00Z,229.92,230.05,228.35,228.36,220502,true
2024-12-27T07:00:00Z,227.81,228.82,226.49,226.57,161439,true
2024-12-30T07:00:00Z,225.18,228.5,224.99,227.47,304951,true
2024-12-31T07:00:00Z,227.98,228.44,221.13,223.37,172149,true
2025-01-01T07:00:00Z,223.62,226.45,221.49,225.05,147017,true
2025-01-02T07:00:00Z,225.87,226.02,221.18,221.82,92212,true
2025-01-03T07:00:00Z,221.17,223.81,218.28,219.45,187487,true
2025-01-06T07:00:00Z,217.6,219.84,214.54,214.84,181439,true
2025-01-07T07:00:00Z,215.05,216.75,214.6,215.64,259590,true
2025-01-08T07:00:00Z,215.22,222.72,214.68,221.15,205813,true
2025-01-09T07:00:00Z,221.56,221.58,218.21,218.78,233888,true
2025-01-10T07:00:00Z,218.38,219.26,215.29,216.06,205236,true
2025-01-13T07:00:00Z,216.38,217.52,216.32,217.43,80039,true
2025-01-14T07:00:00Z,218.41,219.14,212.86,213.02,226539,true
2025-01-15T07:00:00Z,211.94,212.8,208.86,209.51,115775,true
2025-01-16T07:00:00Z,208.91,209.05,206.35,207,192731,true
2025-01-17T07:00:00Z,206.48,207.46,206.24,206.41,191354,true
2025-01-20T07:00:00Z,206.49,210.84,206,210.04,186980,true
2025-01-21T07:00:00Z,211.43,212.55,207.3,207.6,214396,true
2025-01-22T07:00:00Z,206.69,207.51,202.85,203.65,612113,true
2025-01-23T07:00:00Z,203.37,204.12,202.77,203.67,221089,true
2025-01-24T07:00:00Z,201.87,204.62,200.47,204.25,140125,true
2025-01-27T07:00:00Z,204.94,207.34,204.31,206.56,195955,true
2025-01-28T07:00:00Z,205.81,206.04,203.13,204.1,353703,true
2025-01-29T07:00:00Z,204.31,207.4,204.19,206.63,130225,true
2025-01-30T07:00:00Z,206.22,213.42,206.02,212.56,124385,true
2025-01-31T07:00:00Z,212.66,213.67,212.37,212.76,138097,true
2025-02-03T07:00:00Z,211.34,215.02,209.94,214.93,161950,true
2025-02-04T07:00:00Z,215.39,218.36,214.36,217.1,529382,true
2025-02-05T07:00:00Z,215.93,219.32,215.81,217.45,136803,true
2025-02-06T07:00:00Z,217.92,224.73,217.91,222.74,210340,true
2025-02-07T07:00:00Z,223.56,224.44,218.94,219.29,67746,true
2025-02-10T07:00:00Z,219.29,221.44,217.99,218.4,65889,true
2025-02-11T07:00:00Z,218.09,218.77,216.02,218.45,352763,true
2025-02-12T07:00:00Z,219.12,220.62,218.73,220.56,185073,true
2025-02-13T07:00:00Z,220.36,224.51,219.35,223.07,43378,true
2025-02-14T07:00:00Z,222.54,223.51,221.33,221.87,109319,true
2025-02-17T07:00:00Z,221.15,221.94,218.6,219.09,198796,true
2025-02-18T07:00:00Z,219.5,227.39,217.87,226.53,57115,true
2025-02-19T07:00:00Z,226.81,227.89,224.71,225.34,257480,true
2025-02-20T07:00:00Z,226.53,227.34,221.71,222.69,172528,true
2025-02-21T07:00:00Z,221.51,222.02,220.53,221.61,45420,true
2025-02-24T07:00:00Z,223.1,223.17,219.03,219.31,103147,true
2025-02-25T07:00:00Z,218.19,222.72,217.98,221.37,128128,true
2025-02-26T07:00:00Z,220.93,221.65,217.82,217.87,347768,true
2025-02-27T07:00:00Z,217.73,220.21,216.41,219.99,95831,true
2025-02-28T07:00:00Z,219.11,221.76,217,219.88,180994,true
2025-03-03T07:00:00Z,219.5,220.57,218.64,220.45,198007,true
2025-03-04T07:00:00Z,220.31,225.49,220.28,224.3,63021,true
2025-03-05T07:00:00Z,224.25,224.4,222.51,222.72,177507,true
2025-03-06T07:00:00Z,222.71,224.23,218.53,219.21,149018,true
2025-03-07T07:00:00Z,219.83,221.62,217.35,217.81,153140,true
2025-03-10T07:00:00Z,217.31,217.96,216.03,217.93,197934,true
2025-03-11T07:00:00Z,218.37,220.42,217,219.43,128942,true
2025-03-12T07:00:00Z,218.95,220.62,218.35,219.9,177110,true
2025-03-13T07:00:00Z,220.66,223.88,220.28,223.69,209903,true
2025-03-14T07:00:00Z,224.39,227.63,223.94,225.89,112027,true
2025-03-17T07:00:00Z,225.83,232.03,225.47,231.16,187386,true
2025-03-18T07:00:00Z,231.57,231.66,229.01,230.66,179417,true
2025-03-19T07:00:00Z,230.35,238.81,230.2,235.63,107702,true
2025-03-20T07:00:00Z,235.29,235.42,234.25,234.38,99757,true
2025-03-21T07:00:00Z,234.46,235.61,232.57,233.21,64772,true
2025-03-24T07:00:00Z,232.64,233.4,231.77,232.15,208783,true
2025-03-25T07:00:00Z,230.38,233.09,230.22,233.08,64523,true
2025-03-26T07:00:00Z,233.44,234.32,232.44,233.16,258057,true
2025-03-27T07:00:00Z,232.05,234.7,232.01,233.05,101561,true
2025-03-28T07:00:00Z,233.22,233.67,232.1,232.67,159034,true
2025-03-31T07:00:00Z,233.44,234.01,230.92,231.34,202522,true
2025-04-01T07:00:00Z,232.63,234.1,230.31,230.93,113096,true
2025-04-02T07:00:00Z,229.58,233.59,229.05,232.54,225938,true
2025-04-03T07:00:00Z,233.22,234.16,229.25,229.56,215489,true
2025-04-04T07:00:00Z,230.63,232.24,225.04,225.25,60599,true
2025-04-07T07:00:00Z,225.15,229.04,224.48,226.82,293010,true
2025-04-08T07:00:00Z,225.78,230.58,225.15,229.06,102098,true
2025-04-09T07:00:00Z,230.05,230.68,229.64,230.58,36382,true
2025-04-10T07:00:00Z,231.38,232.03,229.4,231.88,131006,true
2025-04-11T07:00:00Z,231.9,236.36,230.95,233.87,62798,true
2025-04-14T07:00:00Z,233.92,234.77,232.54,233.92,170878,true
2025-04-15T07:00:00Z,234.31,234.37,230.96,233.27,133761,true
2025-04-16T07:00:00Z,233.32,236.43,232.31,233.66,146023,true
2025-04-17T07:00:00Z,231.89,236.67,231.67,235.08,135664,true
2025-04-18T07:00:00Z,235.69,236.61,230.54,231.33,131430,true
2025-04-21T07:00:00Z,231.26,231.96,229.65,230.09,191743,true
2025-04-22T07:00:00Z,229.73,230.15,227.9,228.51,415146,true
2025-04-23T07:00:00Z,228.22,238.65,227.16,237.11,116145,true
2025-04-24T07:00:00Z,237.56,242.22,237.56,239.13,279847,true
2025-04-25T07:00:00Z,240.18,241.46,232.96,233.75,159172,true
2025-04-28T07:00:00Z,234.77,235.37,231.06,232.43,263271,true
2025-04-29T07:00:00Z,232.7,234.21,232.5,232.97,282710,true
2025-04-30T07:00:00Z,234.48,237.86,234.14,236.71,124357,true
2025-05-01T07:00:00Z,237.97,243.7,237.94,243.15,171781,true
2025-05-02T07:00:00Z,242.52,244.51,242.34,243.84,145386,true
2025-05-05T07:00:00Z,242.77,244.75,241.77,243.6,192908,true
2025-05-06T07:00:00Z,245.05,247.02,242.81,243.41,330750,true
2025-05-07T07:00:00Z,242.8,245.06,242.26,243.87,69733,true
2025-05-08T07:00:00Z,244.77,245.34,238.16,238.95,229459,true
2025-05-09T07:00:00Z,240.21,246.99,239.75,245.1,299177,true
2025-05-12T07:00:00Z,245,246.17,241.72,245.91,115036,true
2025-05-13T07:00:00Z,245.01,250.22,243.78,248.95,173757,true
2025-05-14T07:00:00Z,248.28,249.62,246.75,246.87,71768,true
2025-05-15T07:00:00Z,246.11,246.97,237.31,238.74,88358,true
2025-05-16T07:00:00Z,239.25,244.68,238.74,242.25,155839,true
2025-05-19T07:00:00Z,243.15,244.34,238.76,238.89,120915,true
2025-05-20T07:00:00Z,239.02,243.74,238.14,242.56,190077,true
2025-05-21T07:00:00Z,241.26,245.88,240.09,245.2,188282,true
2025-05-22T07:00:00Z,245.4,248.85,244.41,247.49,78073,true
2025-05-23T07:00:00Z,246.45,248.85,246.1,248.52,90965,true
2025-05-26T07:00:00Z,249.47,255.36,247.16,252.94,216222,true
2025-05-27T07:00:00Z,252.92,258.37,251.87,256.82,296913,true
2025-05-28T07:00:00Z,257.28,257.43,255.06,256.1,139407,true
2025-05-29T07:00:00Z,256.04,257.93,253.03,253.22,149088,true
2025-05-30T07:00:00Z,253.27,254.58,244.45,245.61,184031,true
2025-06-02T07:00:00Z,246.37,246.76,244.13,244.96,60292,true
2025-06-03T07:00:00Z,243.92,249.01,242.13,248.58,111451,true
2025-06-04T07:00:00Z,249.44,251.03,249.13,249.44,260749,true
2025-06-05T07:00:00Z,248.67,251.1,248.1,249.29,324741,true
2025-06-06T07:00:00Z,248.67,249.7,245.83,247.11,120470,true
2025-06-09T07:00:00Z,247.81,247.87,245.76,247.66,415836,true
2025-06-10T07:00:00Z,246.15,249.4,245.15,248.6,68665,true
2025-06-11T07:00:00Z,250.13,257.79,249.85,255.4,120384,true
2025-06-12T07:00:00Z,255.78,256.74,247.66,249.69,245533,true
2025-06-13T07:00:00Z,250.26,252.94,250.04,250.95,100340,true
2025-06-16T07:00:00Z,250.67,252.32,250.03,251.67,203160,true
2025-06-17T07:00:00Z,251.44,254.66,250.61,252.92,88303,true
2025-06-18T07:00:00Z,252.68,254.29,250.86,253.14,230931,true
2025-06-19T07:00:00Z,254.67,258.56,254.04,256.93,123800,true
2025-06-20T07:00:00Z,257.25,259.48,256.84,259.4,103445,true
2025-06-23T07:00:00Z,260.07,260.64,258.77,259.94,312496,true
2025-06-24T07:00:00Z,259.76,261.22,256.88,257.46,82322,true
2025-06-25T07:00:00Z,256.79,257.78,249.51,251.92,169975,true
2025-06-26T07:00:00Z,251.22,251.28,249.32,249.94,242908,true
2025-06-27T07:00:00Z,250.48,250.71,244.07,244.21,173267,true
2025-06-30T07:00:00Z,243.12,245.72,239.15,239.68,258218,true
2025-07-01T07:00:00Z,239.87,241.12,237.38,238.96,184166,true
2025-07-02T07:00:00Z,238.82,239.97,237.77,239.2,444923,true
2025-07-03T07:00:00Z,237.87,239.77,236.08,236.25,176178,true
2025-07-04T07:00:00Z,236.06,238.65,235.38,237.21,132871,true
2025-07-07T07:00:00Z,236.78,238.63,232.93,233.93,410482,true
2025-07-08T07:00:00Z,234.25,236.08,232.36,232.73,84932,true
2025-07-09T07:00:00Z,231.69,238.7,230.19,237.61,234593,true
2025-07-10T07:00:00Z,236.85,237.12,234.98,235.17,136811,true
2025-07-11T07:00:00Z,235.61,238.3,235.44,237.4,349015,true
2025-07-14T07:00:00Z,237.62,238.78,235.61,235.65,157610,true
2025-07-15T07:00:00Z,237.35,237.71,235.74,236.6,155246,true
2025-07-16T07:00:00Z,237.03,237.95,231.5,233.83,227398,true
2025-07-17T07:00:00Z,233.78,233.86,231.77,233.64,178292,true
2025-07-18T07:00:00Z,233.69,236.11,233.63,234.56,217708,true
2025-07-21T07:00:00Z,233.33,233.49,231.29,231.84,83050,true
2025-07-22T07:00:00Z,232.97,233.65,224.49,226.36,128376,true
2025-07-23T07:00:00Z,226.7,229.45,226.09,228.68,82488,true
2025-07-24T07:00:00Z,228.87,232.47,227.87,231.08,113322,true
2025-07-25T07:00:00Z,231.8,234.45,230,234.11,261128,true
2025-07-28T07:00:00Z,234.67,235.05,233.16,233.56,268823,true
2025-07-29T07:00:00Z,234.7,235.04,224.88,226.4,85146,true
2025-07-30T07:00:00Z,226.05,226.55,223.67,224.58,197226,true
2025-07-31T07:00:00Z,225.2,233.37,224.12,231.42,269947,true
2025-08-01T07:00:00Z,230.21,233.26,229.8,231.9,95797,true
2025-08-04T07:00:00Z,230.97,232.41,226.51,227.9,42004,true
2025-08-05T07:00:00Z,226.44,228.91,224.58,228.12,212106,true
2025-08-06T07:00:00Z,228.22,228.85,227.2,228.52,143338,true
2025-08-07T07:00:00Z,229.49,231.79,229.14,231.76,349740,true
2025-08-08T07:00:00Z,231.21,233.5,230.32,231.38,151495,true
2025-08-11T07:00:00Z,231.55,236.74,231.53,233.6,117208,true
2025-08-12T07:00:00Z,232.52,233.79,232.36,233.73,90829,true
2025-08-13T07:00:00Z,232.34,236.03,231.74,234.57,339885,true
2025-08-14T07:00:00Z,232.8,237.5,231.41,236.6,103136,true
2025-08-15T07:00:00Z,238.08,238.54,234.78,235.85,119835,true
2025-08-18T07:00:00Z,233.58,237.5,230.93,236.67,242047,true
2025-08-19T07:00:00Z,237.83,240.46,231.7,233.32,124330,true
2025-08-20T07:00:00Z,232.48,237.87,231.51,236.67,335450,true
2025-08-21T07:00:00Z,236.67,237.93,235.95,237.15,75421,true
2025-08-22T07:00:00Z,237.97,238.55,237.28,237.71,118883,true
2025-08-25T07:00:00Z,238.02,238.61,234.63,235.7,158526,true
2025-08-26T07:00:00Z,234.2,234.74,233.82,234.69,156087,true
2025-08-27T07:00:00Z,236.2,238.11,235.53,237.19,241873,true
2025-08-28T07:00:00Z,236.47,237.24,233.36,234.63,152144,true
2025-08-29T07:00:00Z,234.81,234.82,232.71,233.61,137068,true
2025-09-01T07:00:00Z,233.22,235.82,233.19,235.73,193165,true
2025-09-02T07:00:00Z,236.75,240.11,236.14,238.48,145593,true
2025-09-03T07:00:00Z,238.04,238.58,233.99,234.35,105997,true
2025-09-04T07:00:00Z,235.28,240.92,234.53,239.62,168936,true
2025-09-05T07:00:00Z,239.78,244.29,239.11,243.72,116218,true
2025-09-08T07:00:00Z,242.54,251.31,241.67,249.66,124611,true
2025-09-09T07:00:00Z,250.27,250.34,246.46,248.33,105133,true
2025-09-10T07:00:00Z,248.3,249.59,243.85,244.4,168611,true
2025-09-11T07:00:00Z,245.11,245.15,243.25,243.55,373870,true
2025-09-12T07:00:00Z,242.98,243.85,241.52,241.75,234481,true
2025-09-15T07:00:00Z,243.43,244.03,239.96,241.7,127049,true
2025-09-16T07:00:00Z,241.58,242.94,236.89,239.72,137626,true
2025-09-17T07:00:00Z,240.59,241,239.3,239.99,105594,true
2025-09-18T07:00:00Z,242.07,242.82,240.02,241.84,147324,true
2025-09-19T07:00:00Z,241.49,242.77,241.01,241.52,187253,true
2025-09-22T07:00:00Z,241.72,250.14,241.4,248.07,108291,true
2025-09-23T07:00:00Z,246.68,246.99,241.21,244.2,144189,true
2025-09-24T07:00:00Z,244.23,244.77,241.99,243.46,82674,true
2025-09-25T07:00:00Z,243.48,244.69,241.05,243.15,152511,true
2025-09-26T07:00:00Z,243.81,243.81,240.21,240.99,132527,true
2025-09-29T07:00:00Z,240.82,243.53,239.96,240.1,301726,true
2025-09-30T07:00:00Z,240.46,245.15,238.87,244.72,160758,true
2025-10-01T07:00:00Z,244.15,247.22,242.23,246.81,231463,true
2025-10-02T07:00:00Z,247.58,247.85,241.77,242.92,131692,true
2025-10-03T07:00:00Z,242.5,243.95,242.18,243.44,179358,true
2025-10-06T07:00:00Z,243.75,244.48,242.37,243.08,304865,true
2025-10-07T07:00:00Z,242.4,243.54,238.79,239.57,66282,true
2025-10-08T07:00:00Z,239.99,240.09,235.02,235.93,167767,true
2025-10-09T07:00:00Z,236.36,237.44,233.05,237.37,131326,true
2025-10-10T07:00:00Z,237.33,238.84,232.55,232.61,130678,true
2025-10-13T07:00:00Z,231.1,232.89,228.89,231.78,221791,true
2025-10-14T07:00:00Z,231.36,231.48,227.06,228.78,126045,true
2025-10-15T07:00:00Z,230.13,231.92,230.01,231.35,385343,true
2025-10-16T07:00:00Z,231.02,231.63,227.2,228.3,123780,true
2025-10-17T07:00:00Z,228.79,229.33,220.25,220.95,165422,true
2025-10-20T07:00:00Z,221.16,222.86,220.34,221.58,175038,true
2025-10-21T07:00:00Z,220.78,222.92,220.25,222.1,195886,true
2025-10-22T07:00:00Z,223.47,225.6,220.26,220.98,105600,true
2025-10-23T07:00:00Z,220.69,224.18,218.43,223.88,200018,true
2025-10-24T07:00:00Z,224.45,225.46,223.31,224.71,130973,true
2025-10-27T07:00:00Z,226.63,227.06,219.94,220.67,240779,true
2025-10-28T07:00:00Z,219.42,221.48,219.14,220.68,136423,true
2025-10-29T07:00:00Z,221.22,223.06,220.83,221.81,332874,true
2025-10-30T07:00:00Z,220.13,223.2,219.52,222.21,182535,true
2025-10-31T07:00:00Z,221.78,222.17,220.27,222.11,91168,true
2025-11-03T07:00:00Z,222.59,226.5,222.11,225.79,221003,true
2025-11-04T07:00:00Z,226,226.6,222,223.42,137134,true
2025-11-05T07:00:00Z,222.71,224.35,222.62,223.88,178556,true
2025-11-06T07:00:00Z,224.62,224.99,224.11,224.43,255327,true
2025-11-07T07:00:00Z,224.99,225.19,211.05,211.34,225095,true
2025-11-10T07:00:00Z,210.94,214.84,210.13,214.18,126684,true
2025-11-11T07:00:00Z,214.24,214.24,209.59,210.52,132229,true
2025-11-12T07:00:00Z,211.31,211.32,210.09,210.1,106498,true
2025-11-13T07:00:00Z,210.05,213.92,209.18,213.49,143176,true
2025-11-14T07:00:00Z,213.36,214.23,213.07,213.9,137993,true
2025-11-17T07:00:00Z,213.61,220.87,213.1,218.51,423070,true
2025-11-18T07:00:00Z,217.4,218.93,215.27,215.69,335037,true
2025-11-19T07:00:00Z,215.32,220.79,214.53,219.67,454855,true
2025-11-20T07:00:00Z,220.1,220.7,217.04,217.78,511339,true
2025-11-21T07:00:00Z,217.7,221.81,216.62,220.8,99031,true
2025-11-24T07:00:00Z,219.89,221.08,215.01,215.59,241309,true
2025-11-25T07:00:00Z,214.97,215.48,212.6,213.89,126535,true
2025-11-26T07:00:00Z,213.17,213.17,210.53,211.57,209794,true
2025-11-27T07:00:00Z,211.13,216.6,210.56,214.1,331542,true
2025-11-28T07:00:00Z,213.89,215.93,213.12,214.87,77025,true
2025-12-01T07:00:00Z,215.13,218.31,214.01,218.23,108081,true
2025-12-02T07:00:00Z,218.26,219.53,213.82,214.01,154393,true
2025-12-03T07:00:00Z,214.58,215.26,212.07,213,203901,true
2025-12-04T07:00:00Z,214.07,214.95,211.06,212.89,122353,true
2025-12-05T07:00:00Z,213.11,217.87,212.15,215.42,177777,true
2025-12-08T07:00:00Z,216.08,216.81,211.85,213.27,85610,true
2025-12-09T07:00:00Z,212.13,212.49,211.44,211.48,239759,true
2025-12-10T07:00:00Z,211.5,212.96,210.6,212.1,103985,true
2025-12-11T07:00:00Z,212.12,217.25,211.83,215.99,168159,true
2025-12-12T07:00:00Z,216.04,222.23,215.24,220.64,96317,true
2025-12-15T07:00:00Z,219.55,221.2,218.97,219.6,169724,true
2025-12-16T07:00:00Z,220.69,221.32,216.34,216.93,90158,true
2025-12-17T07:00:00Z,218.21,218.95,217.12,217.43,221460,true
2025-12-18T07:00:00Z,217.72,218.78,214.31,214.83,135319,true
2025-12-19T07:00:00Z,215.32,218.83,215.01,217,150773,true
2025-12-22T07:00:00Z,217.02,218.59,215.16,217.9,138064,true
2025-12-23T07:00:00Z,218.74,218.79,212.35,212.56,154211,true
2025-12-24T07:00:00Z,211.16,212.31,210.24,212.03,174929,true
2025-12-25T07:00:00Z,212.09,213.65,210.56,211.37,82897,true
2025-12-26T07:00:00Z,212.02,212.1,207.39,208.1,77547,true
2025-12-29T07:00:00Z,209.39,209.86,206.35,209.46,133749,true
2025-12-30T07:00:00Z,209.43,210.47,207.34,207.51,218794,true
2025-12-31T07:00:00Z,209.11,212.15,204.5,204.77,97689,true
2026-01-01T07:00:00Z,204.37,208.54,204.32,207.22,167283,true
2026-01-02T07:00:00Z,208.06,209.67,205.37,206.29,141036,true
2026-01-05T07:00:00Z,205.52,207.03,203.91,206.05,120518,true
2026-01-06T07:00:00Z,207.25,207.71,202.58,204.51,234248,true
2026-01-07T07:00:00Z,204.41,204.96,203.05,203.88,148995,true
2026-01-08T07:00:00Z,204.3,204.79,203.74,204.31,86632,true
2026-01-09T07:00:00Z,203.82,205.98,203.42,205.06,267067,true
2026-01-12T07:00:00Z,205.7,208.16,203.8,204.08,96585,true
2026-01-13T07:00:00Z,202.49,203.37,201.78,202.17,46165,true
2026-01-14T07:00:00Z,202.83,202.89,199.03,200.86,227433,true
2026-01-15T07:00:00Z,202,202.72,197.77,198.78,165383,true
2026-01-16T07:00:00Z,199.56,202.3,198.77,200.67,192317,true
2026-01-19T07:00:00Z,201.92,202.38,201.13,202.02,131129,true
2026-01-20T07:00:00Z,202.14,202.27,197.85,198.99,207478,true
2026-01-21T07:00:00Z,199.16,201.96,198.31,200.53,142522,true
2026-01-22T07:00:00Z,202.48,202.5,196.12,196.86,118877,true
2026-01-23T07:00:00Z,196.72,196.79,194.98,195.91,161627,true
2026-01-26T07:00:00Z,195.24,195.63,191.51,193.03,262075,true
2026-01-27T07:00:00Z,192.89,193.11,189.45,190.64,112691,true
2026-01-28T07:00:00Z,190.5,190.9,188.24,189.65,218596,true
2026-01-29T07:00:00Z,189.53,190.98,189.19,189.75,230003,true
2026-01-30T07:00:00Z,189.64,191.73,188.67,191.36,211726,true
2026-02-02T07:00:00Z,191.38,192.05,189.87,191.77,230824,true
2026-02-03T07:00:00Z,191.76,192.56,188.38,189.8,133850,true
2026-02-04T07:00:00Z,190.4,192.57,190.23,191.08,52671,true
2026-02-05T07:00:00Z,190.37,193.11,189.65,189.65,81512,true
2026-02-06T07:00:00Z,190.58,190.94,186.49,187.22,227327,true
2026-02-09T07:00:00Z,185.75,186.35,182.68,183.23,136563,true
2026-02-10T07:00:00Z,183.67,184.18,179.97,180.73,258623,true
2026-02-11T07:00:00Z,180.76,181.31,178.01,178.28,129414,true
2026-02-12T07:00:00Z,178.99,179.82,177.38,177.49,183751,true
2026-02-13T07:00:00Z,176.96,181.64,175.97,180.71,101946,true
2026-02-16T07:00:00Z,181.03,181.63,177.36,177.79,302759,true
2026-02-17T07:00:00Z,177.74,178.21,176.88,176.96,439206,true
2026-02-18T07:00:00Z,175.73,177.75,175.67,177.68,251909,true
2026-02-19T07:00:00Z,177.87,178.22,171.98,172.49,126195,true
2026-02-20T07:00:00Z,172.68,176.13,172.44,175.52,150994,true
2026-02-23T07:00:00Z,175.99,176.52,173.17,173.46,138277,true
2026-02-24T07:00:00Z,173.82,174.48,171.48,172.06,247471,true
2026-02-25T07:00:00Z,171.81,173.79,170.48,173.68,278379,true
2026-02-26T07:00:00Z,173.36,173.8,167.61,169.47,124881,true
2026-02-27T07:00:00Z,168.77,169.88,168.2,168.97,93443,true
2026-03-02T07:00:00Z,168.05,169.48,167.18,169.45,316240,true
2026-03-03T07:00:00Z,170.22,170.54,169.04,170.41,293018,true
2026-03-04T07:00:00Z,170.15,172.75,168.56,172.48,577321,true
2026-03-05T07:00:00Z,171.85,172.98,171.44,171.62,109988,true
2026-03-06T07:00:00Z,171.97,176.56,171.93,176.21,128458,true
2026-03-09T07:00:00Z,176.79,176.8,174.91,175.58,257516,true
2026-03-10T07:00:00Z,175.16,179.67,173.98,179.11,118131,true
2026-03-11T07:00:00Z,178.59,179.57,178.04,178.46,78440,true
2026-03-12T07:00:00Z,178.67,182.92,178.03,182.32,185823,true
2026-03-13T07:00:00Z,181.97,182.54,180.58,180.67,174906,true
2026-03-16T07:00:00Z,181.02,182.52,180.22,181.67,104597,true
2026-03-17T07:00:00Z,181.22,182.42,180.3,182.31,312639,true
2026-03-18T07:00:00Z,182.82,183.07,180.69,180.8,250394,true
2026-03-19T07:00:00Z,181.46,181.57,179.84,180.45,273723,true
2026-03-20T07:00:00Z,180.17,181.61,177.17,178.43,283045,true
2026-03-23T07:00:00Z,178.92,179.14,172.95,174.21,138791,true
2026-03-24T07:00:00Z,173.82,177.77,172.06,176.14,114492,true
2026-03-25T07:00:00Z,176.5,177.44,175.39,176.68,178046,true
2026-03-26T07:00:00Z,176.55,177.58,173.46,174.33,117894,true
2026-03-27T07:00:00Z,175.09,175.47,172.67,173.5,147064,true
2026-03-30T07:00:00Z,174.88,175.85,171.05,171.67,137677,true
2026-03-31T07:00:00Z,171.7,172.73,171.25,172.17,167940,true
2026-04-01T07:00:00Z,171.79,172.35,171.58,172.17,86854,true
2026-04-02T07:00:00Z,172.51,174.79,171.99,174.42,123762,true
2026-04-03T07:00:00Z,173.91,174.34,168.2,168.71,453828,true
2026-04-06T07:00:00Z,168.94,169.62,166.93,167.1,183883,true
2026-04-07T07:00:00Z,166.61,166.62,161.41,161.84,144101,true
2026-04-08T07:00:00Z,161.41,162.91,161.1,161.46,58169,true
2026-04-09T07:00:00Z,161.75,162.04,160.95,161.57,202937,true
2026-04-10T07:00:00Z,161.14,161.73,159.75,160.26,154166,true
2026-04-13T07:00:00Z,159.56,165.2,158.46,164.57,105016,true
2026-04-14T07:00:00Z,164.01,165.53,162.99,164.82,134618,true
2026-04-15T07:00:00Z,163.93,164.59,163.62,163.98,232589,true
2026-04-16T07:00:00Z,164.64,167.87,163.32,165.79,126810,true
2026-04-17T07:00:00Z,165.88,166.1,164.26,165.37,169453,true
2026-04-20T07:00:00Z,165.19,168.72,164.98,167.38,96226,true
2026-04-21T07:00:00Z,167.36,169.22,167.26,169.02,115443,true
2026-04-22T07:00:00Z,169.68,169.77,166.92,167.57,109923,true
2026-04-23T07:00:00Z,167.29,167.44,165.25,167.06,185164,true
2026-04-24T07:00:00Z,167.89,168.22,166.53,167.52,199858,true
2026-04-27T07:00:00Z,167.87,168.16,165.99,166.69,238338,true
2026-04-28T07:00:00Z,167.2,170.19,166.87,170.15,81613,true
2026-04-29T07:00:00Z,170.04,170.14,169.4,169.69,195901,true
2026-04-30T07:00:00Z,169.98,175.71,168.67,175.27,233655,true
2026-05-01T07:00:00Z,175.22,177.31,173.58,177.2,173383,true
2026-05-04T07:00:00Z,178.49,179.12,176.48,177.81,174285,true
2026-05-05T07:00:00Z,177.42,182.4,176.94,181.86,146869,true
2026-05-06T07:00:00Z,181.56,182.74,180.54,181.44,195995,true
2026-05-07T07:00:00Z,181.55,183.42,180.85,182.97,109502,true
2026-05-08T07:00:00Z,183.57,183.89,182.47,183.72,147813,true
2026-05-11T07:00:00Z,183.21,187.81,181.48,186.31,114659,true
2026-05-12T07:00:00Z,186.07,186.92,184.18,185.32,179430,true
2026-05-13T07:00:00Z,185.93,189,185.7,188.45,85234,true
2026-05-14T07:00:00Z,188.15,193.34,186.76,191.54,216540,true
2026-05-15T07:00:00Z,191.56,192.07,190.69,191.63,167830,true
2026-05-18T07:00:00Z,190.64,191.99,189.77,190.28,299352,true
2026-05-19T07:00:00Z,190.5,191.71,188.27,188.45,171615,true
2026-05-20T07:00:00Z,188.12,190.36,186.89,189.36,184363,true
2026-05-21T07:00:00Z,189.65,190.54,189.37,190.3,109096,true
2026-05-22T07:00:00Z,190.1,191.17,189.39,189.45,460269,true
2026-05-25T07:00:00Z,189.92,190.29,185.86,186.44,207917,true
2026-05-26T07:00:00Z,186.52,186.52,182.04,183.16,48394,true
2026-05-27T07:00:00Z,184.65,185.52,184.41,185.38,352886,true
2026-05-28T07:00:00Z,184.74,187.23,184.21,186.39,123718,true
2026-05-29T07:00:00Z,185.86,187.21,185.01,186.5,265138,true
2026-06-01T07:00:00Z,186.46,187.37,184.29,184.72,123689,true
2026-06-02T07:00:00Z,185.19,187.19,184.62,186.53,291357,true
2026-06-03T07:00:00Z,186.71,187.07,182.19,184.12,124414,true
2026-06-04T07:00:00Z,182.8,185.55,182.34,185.49,193737,true
2026-06-05T07:00:00Z,185.84,190.71,185.02,189.15,329306,true
2026-06-08T07:00:00Z,190.65,191.89,189.84,189.93,344010,true
2026-06-09T07:00:00Z,190.95,193.83,189.96,192.24,50435,true
2026-06-10T07:00:00Z,190.92,190.96,187.64,188.08,183226,true
2026-06-11T07:00:00Z,187.41,189.66,187.11,188.3,310420,true
2026-06-12T07:00:00Z,188.78,189.21,183.62,183.77,192057,true
2026-06-15T07:00:00Z,185.73,186.53,184.66,185.05,453737,true
2026-06-16T07:00:00Z,184.89,186.03,183.34,186.01,56519,true
2026-06-17T07:00:00Z,186.12,186.45,184.08,184.19,245081,true
2026-06-18T07:00:00Z,184.96,185.23,183.19,183.69,230176,true
2026-06-19T07:00:00Z,183.8,185.74,183.05,185.14,251553,true
2026-06-22T07:00:00Z,185.44,187.73,184.26,186.1,134008,true
2026-06-23T07:00:00Z,185.84,192.22,184.42,191.19,330521,true
2026-06-24T07:00:00Z,191.49,192.19,183.92,184.58,155502,true
2026-06-25T07:00:00Z,184.89,186.34,184.8,185.14,224037,true
2026-06-26T07:00:00Z,185.93,186.85,184.21,184.99,74002,true
2026-06-29T07:00:00Z,184.92,187.3,184.08,187.19,157420,true
2026-06-30T07:00:00Z,187.81,188.91,185.44,186.38,104305,true
2026-07-01T07:00:00Z,187.15,188.03,186.03,186.41,229403,true
2026-07-02T07:00:00Z,186.07,189.56,185.55,188.3,197384,true
2026-07-03T07:00:00Z,187.76,188.09,187.16,187.55,112057,true
2026-07-06T07:00:00Z,187.72,189.17,186.95,188.57,84392,true
2026-07-07T07:00:00Z,188.01,191.14,187.46,189.7,134738,true
2026-07-08T07:00:00Z,190.11,191.69,189.61,191.37,296403,true
2026-07-09T07:00:00Z,190.89,195.39,189.83,195,271136,true
2026-07-10T07:00:00Z,194.31,196.09,194.13,195.57,114352,true
2026-07-13T07:00:00Z,195.21,195.92,193.87,195.73,167086,true
2026-07-14T07:00:00Z,195.93,197.34,195.49,197.17,187245,true
2026-07-15T07:00:00Z,196.62,199.21,195.41,198.3,243401,true
2026-07-16T07:00:00Z,198.2,199.57,196,199.49,99815,true
2026-07-17T07:00:00Z,198.86,199.95,197.97,199.43,137108,true
2026-07-20T07:00:00Z,199.69,201.31,198.04,199.53,147560,true
2026-07-21T07:00:00Z,200.03,200.87,195.99,197.21,60489,true
2026-07-22T07:00:00Z,198.07,201.11,196.23,199.99,268187,true
2026-07-23T07:00:00Z,199.45,202.22,197.08,197.56,77034,true
2026-07-24T07:00:00Z,198.07,198.77,195.35,196.11,280113,true
2026-07-27T07:00:00Z,195.88,201.3,194.04,200.63,145194,true
2026-07-28T07:00:00Z,200.99,201.76,199.21,200.09,77476,true
2026-07-29T07:00:00Z,200.03,200.46,196.62,196.65,203140,true
2026-07-30T07:00:00Z,197.2,197.68,196.6,197.63,150789,true
2026-07-31T07:00:00Z,198.38,199.65,198.14,199.3,104953,true
2026-08-03T07:00:00Z,199.55,199.98,196.72,197.36,158094,true
2026-08-04T07:00:00Z,197.4,200.41,197.37,199.97,202941,true
2026-08-05T07:00:00Z,200.54,201.44,197.25,197.88,160707,true
2026-08-06T07:00:00Z,196.85,199.08,195.48,198.41,145579,true
2026-08-07T07:00:00Z,198.22,199.76,197.94,199.65,142751,true
2026-08-10T07:00:00Z,199.05,201.22,196.02,196.44,115011,true
2026-08-11T07:00:00Z,196.25,196.7,193.27,193.72,187821,true
2026-08-12T07:00:00Z,194.38,197.88,193.44,196.41,105091,true
2026-08-13T07:00:00Z,197.1,198.59,196.74,198.42,246485,true
2026-08-14T07:00:00Z,199.24,199.51,195.15,197.69,264526,true
2026-08-17T07:00:00Z,198.21,200.37,198.11,199.91,166281,true
2026-08-18T07:00:00Z,200.25,201.64,198.72,199.95,116294,true
2026-08-19T07:00:00Z,199.22,200.78,197.68,199.97,104824,true
2026-08-20T07:00:00Z,198.83,204.03,197.98,202.69,291075,true
2026-08-21T07:00:00Z,202.08,202.75,197.55,198.24,121318,true
2026-08-24T07:00:00Z,198.51,201.31,198.24,198.57,143927,true
2026-08-25T07:00:00Z,198.39,199.12,193.38,196.55,53300,true
2026-08-26T07:00:00Z,196.38,200.96,195.87,200.2,45892,true
2026-08-27T07:00:00Z,200.88,201.41,194.35,196.03,212030,true
2026-08-28T07:00:00Z,197.03,197.51,193.01,193.87,490375,true
2026-08-31T07:00:00Z,192.87,193.71,192.25,193.05,432400,true
2026-09-01T07:00:00Z,192.98,193.97,192.67,193.96,337671,true
2026-09-02T07:00:00Z,194.62,195.03,192.92,193.15,131530,true
2026-09-03T07:00:00Z,193.04,193.19,191.1,192.86,89274,true
2026-09-04T07:00:00Z,191.85,191.97,189.75,191.1,148578,true
2026-09-07T07:00:00Z,190.93,194.89,190.57,193.51,66861,true
2026-09-08T07:00:00Z,193.12,194.38,192.34,193.83,241580,true
2026-09-09T07:00:00Z,192.46,193.7,192.01,192.1,148304,true
2026-09-10T07:00:00Z,192.89,193.74,190.88,190.97,315515,true
2026-09-11T07:00:00Z,190.93,193.64,188.22,192.93,138861,true
2026-09-14T07:00:00Z,193.3,199.68,192.48,199.5,372409,true
2026-09-15T07:00:00Z,199.59,199.73,196.49,198.1,135297,true
2026-09-16T07:00:00Z,197.92,201.43,197.55,200.31,431400,true
2026-09-17T07:00:00Z,200.47,202.02,200.05,200.83,129360,true
2026-09-18T07:00:00Z,201.95,202.31,200.44,200.93,478786,true
2026-09-21T07:00:00Z,199.59,200.86,198.71,198.84,155039,true
2026-09-22T07:00:00Z,199.22,202.31,199.17,201.44,113604,true
2026-09-23T07:00:00Z,201.99,202.92,193.92,195.09,193083,true
2026-09-24T07:00:00Z,194.55,198.03,193.72,196.44,202940,true
2026-09-25T07:00:00Z,195.01,197.36,193.9,195.56,85487,true
2026-09-28T07:00:00Z,194.35,195.82,193.89,195.17,137095,true
2026-09-29T07:00:00Z,195.93,196.62,192.38,192.92,105856,true
2026-09-30T07:00:00Z,192.88,193.59,188.66,189.62,48640,true
2026-10-01T07:00:00Z,189.31,189.35,185.48,186.37,91929,true
2026-10-02T07:00:00Z,186.43,186.56,186.35,186.39,211885,true
