ticker,edisclosure_id,inn,ogrn,name,short_name
SBER,3043,7707083893,1027700132195,Публичное акционерное общество «Сбербанк России»,ПАО Сбербанк
GAZP,934,7736050003,1027700070518,"Публичное акционерное общество ""Газпром""","ПАО ""Газпром"""
LKOH,17,7708004767,1027700035769,"Публичное акционерное общество ""Нефтяная компания ""ЛУКОЙЛ""","ПАО ""ЛУКОЙЛ"""
ROSN,6505,7706107510,1027700043502,Публичное акционерное общество «Нефтяная компания «Роснефть»,ПАО «НК «Роснефть»
NVTK,225,6316031581,1026303117642,"Публичное акционерное общество ""НОВАТЭК""","ПАО ""НОВАТЭК"""
GMKN,564,8401005730,1028400000298,"Публичное акционерное общество ""Горно-металлургическая компания ""Норильский никель""","ПАО ""ГМК ""Норильский никель"""
PLZL,7832,7703389295,1068400002990,Публичное акционерное общество «Полюс»,ПАО «Полюс»
SNGS,312,8602060555,1028600584540,"Публичное акционерное общество ""Сургутнефтегаз""","ПАО ""Сургутнефтегаз"""
TATN,118,1644003838,1021601623702,"Публичное акционерное общество ""Татнефть"" имени В.Д.Шашина","ПАО ""Татнефть"" им. В.Д.Шашина"
CHMF,30,3528000597,1023501236901,"Публичное акционерное общество ""Северсталь""","ПАО ""Северсталь"""
NLMK,2509,4823006703,1024800823123,"Публичное акционерное общество ""Новолипецкий металлургический комбинат""","ПАО ""НЛМК"""
MAGN,9,7414003633,1027402166835,"Публичное акционерное общество ""Магнитогорский металлургический комбинат""","ПАО ""ММК"""
MTSS,236,7740000076,1027700149124,"Публичное акционерное общество ""Мобильные ТелеСистемы""","ПАО ""МТС"""
MGNT,7671,2309085638,1032304945947,"Публичное акционерное общество ""Магнит""","ПАО ""Магнит"""
IRAO,12213,2320109650,1022302933630,Публичное акционерное общество «Интер РАО ЕЭС»,ПАО «Интер РАО»
VTBR,1210,7702070139,1027739609391,Банк ВТБ (публичное акционерное общество),Банк ВТБ (ПАО)
ALRS,199,1433000147,1021400967092,"Акционерная компания ""АЛРОСА"" (публичное акционерное общество)","АК ""АЛРОСА"" (ПАО)"
MOEX,43,7702077840,1027739387411,Публичное акционерное общество «Московская Биржа ММВБ-РТС»,ПАО Московская Биржа
PHOR,573,7736216869,1027700190572,"Публичное акционерное общество ""ФосАгро""","ПАО ""ФосАгро"""
AFLT,1480,7712040126,1027700092661,"Публичное акционерное общество ""Аэрофлот-российские  авиалинии""","ПАО ""Аэрофлот"""
PIKK,44,7713011336,1027739137084,"Публичное акционерное общество ""ПИК-Специализированный застройщик","ПАО ""ПИК СЗ"""
CBOM,202,7734202860,1027739555282,"""МОСКОВСКИЙ КРЕДИТНЫЙ БАНК"" (публичное акционерное общество)","ПАО ""МОСКОВСКИЙ КРЕДИТНЫЙ БАНК"""
RTKM,141,7707049388,1027700198767,"Публичное акционерное общество ""Ростелеком""","ПАО ""Ростелеком"""
AFKS,4772,7703104630,1027700003891,"Публичное акционерное общество ""Акционерная финансовая корпорация ""Система""","ПАО АФК ""Система"""
BSPB,3935,7831000027,1027800000140,"ПУБЛИЧНОЕ АКЦИОНЕРНОЕ ОБЩЕСТВО ""БАНК ""САНКТ-ПЕТЕРБУРГ""","ПАО ""Банк ""Санкт-Петербург"""
FEES,379,4716016979,1024701893336,Публичное акционерное общество «Федеральная сетевая компания - Россети»,ПАО «Россети»
HYDR,8580,2460066195,1042401810494,"Публичное акционерное общество ""Федеральная гидрогенерирующая компания - РусГидро""","ПАО ""РусГидро"""
TRNFP,636,7706061801,1027700049486,Публичное акционерное общество «Транснефть»,ПАО «Транснефть»
UPRO,7878,8602067092,1058602056985,"Публичное акционерное общество ""Юнипро""","ПАО ""Юнипро"""
SMLT,36419,9731004688,1187746590283,Публичное акционерное общество «Группа компаний «Самолет»,ПАО «ГК «Самолет»
SVCB,30052,4401116480,1144400000425,Публичное акционерное общество «Совкомбанк»,ПАО «Совкомбанк»
RUAL,38288,3906394938,1203900011974,Международная компания публичное акционерное общество «Объединённая Компания «РУСАЛ»»,МКПАО «ОК РУСАЛ»
YDEX,39059,3900019850,1233900014699,"Международная компания публичное акционерное общество ""ЯНДЕКС""","МКПАО ""ЯНДЕКС"""
T,39055,2540283195,1242500004383,"Международная компания публичное акционерное общество ""Т-Технологии""","МКПАО ""Т-Технологии"""
OZON,39583,3900045916,1253900010374,"Международная компания Публичное акционерное общество ""Озон""","МКПАО ""Озон"""
X5,39008,9722079341,1247700463911,Публичное акционерное общество «Корпоративный центр ИКС 5»,ПАО «Корпоративный центр ИКС 5»
VKCO,38965,3900015862,1233900010585,"Международная компания Публичное акционерное общество ""ВК""","МКПАО ""ВК"""
HEAD,39017,3900016369,1233900011124,"Международная компания публичное акционерное общество ""Хэдхантер""","МКПАО ""Хэдхантер"""
POSI,38538,9718077239,5177746006510,Публичное акционерное общество «Группа Позитив»,ПАО «Группа Позитив»
ENPG,37955,3906382033,1193926010398,Международная компания публичное акционерное общество «ЭН+ ГРУП»,МКПАО «ЭН+ ГРУП»
ASTR,38906,7726476459,1217700192687,Публичное акционерное общество Группа Астра,ПАО Группа Астра
MDMG,39129,3900026494,1243900006591,Международная Компания Публичное Акционерное Общество «МД Медикал Груп Инвестментс»,МКПАО «МД Медикал Груп»
FLOT,11967,7702060116,1027739028712,"Публичное акционерное общество ""Современный коммерческий флот""",ПАО “Совкомфлот”
SELG,12557,1402047184,1071402000438,"Публичное акционерное общество ""Селигдар""","ПАО ""Селигдар"""
SGZH,38038,9703024202,1207700498279,Публичное акционерное общество Группа компаний «Сегежа»,ПАО «Сегежа Групп»
LENT,38380,3906399157,1213900001545,"Международная компания публичное акционерное общество ""Лента""","МКПАО ""Лента"""
CNRU,39286,3900031141,1243900011520,"Международная компания публичное акционерное общество ""Циан""","МКПАО ""Циан"""
MTLR,1942,7703370008,1037703012896,"Публичное акционерное общество ""Мечел""","ПАО ""Мечел"""
VSMO,1641,6607000556,1026600784011,"Публичное акционерное общество ""Корпорация ВСМПО-АВИСМА""","ПАО ""Корпорация ВСМПО-АВИСМА"""
MSNG,936,7705035012,1027700302420,"Публичное акционерное общество энергетики и электрификации ""Мосэнерго""","ПАО ""Мосэнерго"""
LSRG,4834,7838360491,5067847227300,"Публичное акционерное общество ""Группа ЛСР""","ПАО ""Группа ЛСР"""
ETLN,39517,3900042827,1253900007173,Международная компания публичное акционерное общество «Эталон Груп»,МКПАО «Эталон Груп»
